{
  "hog_orient": 6,
  "hog_pixels": 16,
  "hog_cells": 2,
  "pca_variance": 0.99,
  "pca_n_comp": 93,
  "threshold": 0.39000000000000007,
  "acc_strict": 0.7955555555555556,
  "acc_valid": 0.9040404040404041,
  "f1_valid": 0.8948713323713323,
  "precision": 0.9053451178451178,
  "recall": 0.9040404040404041,
  "rejection_rate": 0.12,
  "n_train": 2100,
  "n_test": 900,
  "n_subjects": 300,
  "feature_dim": 264
}